{
    "avg": {
        "wmc": 2.36,
        "ccn": 1.52,
        "bugs": 0.03,
        "kanDefect": 0.18,
        "relativeSystemComplexity": 29.73,
        "relativeDataComplexity": 0.21,
        "relativeStructuralComplexity": 29.52,
        "volume": 80.19,
        "commentWeight": 35.4,
        "intelligentContent": 32.02,
        "lcom": 1.76,
        "instability": 0.91,
        "afferentCoupling": 0.43,
        "efferentCoupling": 1.93,
        "difficulty": 0.85,
        "mi": 127.02,
        "distance": 0.06,
        "incomingCDep": 0.56,
        "incomingPDep": 0.11,
        "outgoingCDep": 4.33,
        "outgoingPDep": 3,
        "classesPerPackage": 4.67
    },
    "sum": {
        "loc": 1222,
        "cloc": 524,
        "lloc": 698,
        "nbMethods": 77,
        "nbClasses": 42,
        "nbInterfaces": 0,
        "nbPackages": 9,
        "violations": {
            "total": 3,
            "information": 0,
            "warning": 2,
            "error": 1,
            "critical": 0
        }
    }
}